Measure Cache Associativity. Output "n, s"
4,0.55189
8,0.523986
16,0.527426
32,3.0078
64,2.94011
128,2.58947
256,1.85321
